{
  "analyze_trades.py": 1776357671.5750442,
  "launch.py": 1776692616.264409,
  "test_signal.py": 1776291971.131695,
  "agents\\market_analyst\\market_analyst.py": 1776071245.024259,
  "agents\\master_trader\\breakeven_guard.py": 1776413855.1932938,
  "agents\\master_trader\\circuit_breaker.py": 1776411524.307376,
  "agents\\master_trader\\correlation_guard.py": 1776363323.8617706,
  "agents\\master_trader\\cot_feed.py": 1776460295.668173,
  "agents\\master_trader\\dxy_yields.py": 1776363163.9253018,
  "agents\\master_trader\\economic_calendar.py": 1776363097.9901056,
  "agents\\master_trader\\fibonacci.py": 1776363233.6511977,
  "agents\\master_trader\\master_trader.py": 1776692557.4425168,
  "agents\\master_trader\\miro_dashboard_server.py": 1776569394.736291,
  "agents\\master_trader\\mobile_tunnel.py": 1776692102.3650472,
  "agents\\master_trader\\multi_brain.py": 1776631100.0206227,
  "agents\\master_trader\\multi_symbol_monitor.py": 1776460343.7769134,
  "agents\\master_trader\\multi_symbol_paper_trader.py": 1776694437.74579,
  "agents\\master_trader\\news_brain.py": 1776374054.3628328,
  "agents\\master_trader\\partial_entry.py": 1776365065.7030492,
  "agents\\master_trader\\pattern_recognition.py": 1776460267.06953,
  "agents\\master_trader\\performance_report.py": 1776524947.1568897,
  "agents\\master_trader\\performance_tracker.py": 1776362206.9400187,
  "agents\\master_trader\\regime_detector.py": 1776363203.0520847,
  "agents\\master_trader\\scale_out.py": 1776448002.8127167,
  "agents\\master_trader\\sentiment_score.py": 1776460317.4415812,
  "agents\\master_trader\\supply_demand.py": 1776363301.9217486,
  "agents\\master_trader\\telegram_commands.py": 1776693065.2494943,
  "agents\\master_trader\\trade_journal.py": 1776363255.2225168,
  "agents\\news_sentinel\\news_sentinel.py": 1776182435.4116633,
  "agents\\news_sentinel\\news_sentinel_ai.py": 1776688938.189834,
  "agents\\news_sentinel\\web_scraper.py": 1776633517.237875,
  "agents\\orchestrator\\deployment_checklist.py": 1776521637.693429,
  "agents\\orchestrator\\orchestrator.py": 1776631068.9531527,
  "agents\\orchestrator\\performance_reporter.py": 1776071245.0286803,
  "agents\\orchestrator\\strategy_optimizer.py": 1776633630.973799,
  "agents\\position_manager\\position_manager.py": 1776448021.6059346,
  "agents\\risk_manager\\position_calculator.py": 1776071245.0286803,
  "agents\\risk_manager\\risk_manager.py": 1776071245.0286803,
  "agents\\ruflo_bridge\\autopilot.py": 1776634050.4751854,
  "agents\\ruflo_bridge\\memory_sync.py": 1776633638.1923878,
  "agents\\ruflo_bridge\\optimizer_memory.py": 1776633495.2615757,
  "agents\\ruflo_bridge\\semantic_journal.py": 1776633665.5868938,
  "agents\\ruflo_bridge\\__init__.py": 1776630998.0264645,
  "agents\\telegram\\telegram_agent.py": 1776692969.1033463,
  "backtesting\\engine\\backtest_engine.py": 1776071245.0306828,
  "backtesting\\engine\\html_report.py": 1776071245.0306828,
  "dashboard\\backend\\price_feed.py": 1776111880.1690788,
  "data_feeds\\crypto_feed\\crypto_extension.py": 1776071245.0339317,
  "data_feeds\\mt5_feed\\connect.py": 1776071245.0339317,
  "live_execution\\bridge\\fix_sltp.py": 1776286226.7466955,
  "live_execution\\bridge\\mt5_bridge.py": 1776690771.3340878,
  "paper_trading\\simulator\\paper_trader.py": 1776692009.6261873,
  "strategies\\confluence\\confluence_engine.py": 1776071245.0379362,
  "strategies\\fvg\\fvg_detector.py": 1776071245.0379362,
  "strategies\\moving_averages\\mtf_analysis.py": 1776071245.0379362,
  "strategies\\scalper_v15\\backtest_mt5.py": 1776234943.6056612,
  "strategies\\scalper_v15\\scalper_v15.py": 1776335935.537102,
  "strategies\\scalper_v15\\__init__.py": 1776234794.2040236,
  "strategies\\smc\\bos_detector.py": 1776071245.0399384,
  "strategies\\smc\\m5_scalper.py": 1776181813.7774842,
  "strategies\\smc\\ob_detector.py": 1776071245.0399384,
  "tradingview\\bridge_launcher.py": 1776111753.6719444,
  "tradingview\\tv_poller.py": 1776234779.825884,
  "tradingview\\webhook_server.py": 1776695506.4938347,
  "CLAUDE.md": 1776521037.1007247,
  "DAILY_COMMANDS.txt": 1776634698.5729656,
  "ENV_SETUP.md": 1776571294.7662337,
  "README.md": 1776071245.024259,
  "requirements.txt": 1776316416.9666033,
  "STARTUP.md": 1776362272.919113,
  "SYSTEM_MAP.html": 1776688194.866714,
  "agents\\orchestrator\\ea_demo_days.txt": 1776522621.7336655,
  "dashboard\\frontend\\index.html": 1776321418.3624048,
  "docs\\ROADMAP.md": 1776071245.0339317
}